,forecast_arima,forecast_theta
0,"[[ 6281.59849474]
 [ 7429.48661204]
 [ 8246.77974308]
 [ 8301.22686619]
 [ 8380.82874664]
 [ 8813.72861883]
 [ 9752.58318906]
 [10773.26051787]
 [11314.044009  ]
 [12331.99458088]
 [13542.83904838]
 [13853.08603338]
 [14444.52079528]
 [16038.04092269]
 [17291.6173897 ]
 [17173.45433443]
 [16994.03648173]
 [17252.35057598]
 [18307.52287715]
 [20017.51465674]
 [21010.58253039]
 [23130.13161448]
 [26057.94371546]
 [27067.61789149]
 [29021.27762307]
 [33203.76059522]
 [36296.60931084]
 [36279.97483095]
 [36245.27848422]
 [37418.84264234]
 [40505.03633067]
 [44502.73060376]
 [46721.88170776]
 [51189.82290657]
 [56970.23850568]
 [58745.56811035]]","[[ 5835.83978918]
 [ 5994.89243632]
 [ 6158.2725617 ]
 [ 6326.09790666]
 [ 6498.48941599]
 [ 6675.57132514]
 [ 6857.47124974]
 [ 7044.32027756]
 [ 7236.25306298]
 [ 7433.40792405]
 [ 7635.92694214]
 [ 7843.95606435]
 [ 8057.64520869]
 [ 8277.14837211]
 [ 8502.62374149]
 [ 8734.23380762]
 [ 8972.14548232]
 [ 9216.53021871]
 [ 9467.56413481]
 [ 9725.42814039]
 [ 9990.30806741]
 [10262.3948039 ]
 [10541.88443154]
 [10828.97836699]
 [11123.883507  ]
 [11426.81237754]
 [11737.98328694]
 [12057.62048325]
 [12385.9543158 ]
 [12723.22140124]
 [13069.66479406]
 [13425.5341617 ]
 [13791.08596455]
 [14166.5836407 ]
 [14552.29779584]
 [14948.50639824]]"
