,forecast_arima,forecast_theta
0,"[[5757.46291395]
 [5894.88217138]
 [6092.93519294]
 [6085.59349786]
 [5967.82881908]
 [6110.26038902]
 [6315.5373154 ]
 [6307.92783492]
 [6185.86773653]]","[[5915.78752326]
 [5960.83152473]
 [6006.21792154]
 [6051.94931637]
 [6098.02833167]
 [6144.45760981]
 [6191.23981328]
 [6238.37762478]
 [6285.87374741]]"
